Scenario,LCOE
11,89.066956
12,109.308704
13,90.286812
14,101.103837
15,52.248855
16,112.985143
17,123.777878
21,85.259774
22,87.947384
23,84.786862
24,88.430003
25,75.87603
26,77.158622
27,75.262851
28,77.752853
31,79
32,82
33,79
34,82
35,71
36,72
37,70
38,72
